Gene 1	Gene 2	id %	som %	E-value
ND4 (NP_059340.1)	ND5 (NP_059341.1)	23%	42%	2e-11
ildr1a (NP_956687.1)	LOC100332762 (XP_021331589.1)	31%	43%	8e-24
gas6 (NP_956272.1)	pros1 (NP_001070791.1)	41%	56%	3e-163
LOC100149425 (XP_021331593.1)	zgc:92518 (NP_001002361.2)	52%	67%	6e-71
adamts1 (XP_021331599.1)	adamts5 (NP_001289160.1)	45%	60%	0.0
si:ch211-132g1.3 (XP_021331601.1)	LOC103911757 (XP_009303756.1)	40%	58%	8e-46
slitrk6 (NP_001292482.1)	slitrk1 (XP_005174686.1)	37%	56%	2e-143
mxa (NP_891987.2)	mxb (XP_009304072.1)	85%	92%	0.0
si:dkey-79f11.10 (XP_021331613.1)	si:dkeyp-9d4.2 (XP_009304423.1)	53%	70%	2e-108
LOC100536670 (XP_021331629.1)	fga (NP_001181918.1)	28%	48%	2e-23
si:ch73-380n15.2 (XP_021332002.1)	chrnb3a (NP_957514.1)	35%	52%	3e-99
chrna6 (NP_001036149.1)	chrnb2a (XP_021332008.1)	46%	64%	1e-148
fgfbp1b (XP_021332009.1)	fgfbp2b (XP_005170952.1)	32%	49%	2e-09
gucy1a3 (NP_001296458.1)	gucy1b3 (NP_001238874.1)	35%	53%	2e-85
si:ch211-15e22.3 (XP_005160048.1)	galnt7 (XP_005160043.1)	40%	58%	1e-129
LOC793449 (XP_021333662.1)	LOC100330380 (XP_021331565.1)	48%	62%	6e-70
vwa10.1 (XP_021332508.1)	vwa10.2 (XP_685294.5)	60%	74%	0.0
LOC101885779 (XP_017211880.2)	wu:fc34e06 (XP_021332511.1)	56%	73%	1e-70
hmx4 (NP_001038836.2)	hmx1 (NP_001106998.1)	56%	64%	3e-36
scpp5 (XP_021330569.1)	scpp7 (NP_001138711.1)	41%	78%	1e-07
si:dkey-9i23.4 (NP_001139080.1)	si:dkey-9i23.5 (NP_001139081.1)	89%	94%	3e-130
LOC110439861 (XP_021332694.1)	si:ch73-90k17.1 (XP_009291927.1)	24%	40%	3e-15
pkn1a (XP_005160108.1)	map2k7 (XP_005160106.1)	24%	47%	3e-17
si:ch73-190m4.1 (XP_017211386.1)	herc3 (NP_001139096.1)	36%	55%	2e-179
acy3.2 (XP_021326628.1)	acy3.1 (NP_001138833.1)	88%	93%	0.0
LOC110439958 (XP_021333698.1)	LOC103908636 (XP_021333044.1)	98%	99%	0.0
LOC110439895 (XP_021333218.1)	LOC103909390 (XP_021333220.1)	97%	97%	5e-78
LOC110439897 (XP_021333226.1)	adgre10 (XP_021333746.1)	84%	92%	1e-62
c3a.2 (XP_021333981.1)	c3a.3 (XP_021331182.1)	89%	93%	0.0
LOC101886664 (XP_009297123.1)	LOC571092 (XP_021333248.1)	68%	79%	9e-130
LOC100538177 (XP_021333256.1)	wu:fa03e10 (XP_001921654.1)	78%	93%	6e-29
si:ch211-114l13.4 (XP_009293986.1)	si:ch211-114l13.13 (XP_017210911.1)	85%	89%	0.0
si:ch211-15j1.5 (XP_009293975.2)	LOC103908614 (XP_017212340.1)	82%	88%	0.0
si:ch73-59p9.2 (XP_021333616.1)	si:ch73-236c18.3 (XP_017212376.1)	67%	77%	0.0
adgre5b.3 (XP_021331548.1)	adgre5b.2 (XP_005160278.1)	84%	89%	0.0
si:ch211-236p5.3 (XP_005171100.1)	LOC101884874 (XP_021331552.1)	57%	71%	8e-76
LOC100007488 (NP_001315007.1)	si:zfos-2330d3.3 (XP_017212708.1)	86%	93%	7e-147
zgc:173915 (XP_009294381.1)	mfap4 (NP_001315274.1)	91%	95%	2e-166
mslnb (XP_017212575.1)	LOC100330916 (XP_021333889.1)	38%	58%	2e-144
LOC101884641 (XP_005171130.1)	zmp:0000000625 (XP_003197851.4)	98%	98%	9e-29
foxf2a (NP_001077284.1)	foxq1a (NP_001230273.1)	61%	77%	4e-37
LOC101885450 (XP_005163710.1)	si:ch211-241e1.5 (NP_001119897.1)	35%	47%	7e-43
LOC100538279 (XP_021322317.1)	LOC100535070 (XP_009294861.1)	99%	100%	0.0
aqp1a.1 (NP_996942.1)	aqp1a.2 (XP_021336241.1)	66%	77%	4e-124
cyp8b2 (NP_001103758.1)	cyp8b3 (NP_001004587.2)	94%	96%	0.0
st6galnac5a (XP_692047.5)	st6galnac3 (NP_997790.1)	46%	66%	3e-88
pimr49 (XP_021333975.1)	pimr140 (XP_005163403.1)	43%	60%	1e-54
mknk2a (XP_021334692.1)	csnk1g2a (XP_005171263.1)	26%	49%	2e-08
vmhc (NP_001106204.1)	vmhcl (NP_001070932.2)	90%	95%	0.0
zgc:154006 (NP_001073473.1)	si:dkey-208k22.6 (XP_691534.1)	28%	47%	5e-10
LOC101882631 (XP_005166671.2)	LOC101882566 (XP_021337126.1)	62%	74%	6e-79
pi15b (XP_684600.2)	crispld1b (XP_009296842.1)	64%	76%	1e-100
neto1 (XP_017214681.1)	LOC110437736 (XP_017214683.1)	100%	100%	3e-09
si:dkey-32m20.1 (NP_001093549.1)	cacnb2b (NP_001075217.2)	97%	100%	6e-42
si:dkeyp-73d8.6 (NP_001124116.1)	si:dkeyp-73d8.9 (NP_001124144.1)	81%	87%	1e-69
lamc1 (NP_775384.1)	lamc2 (XP_003197932.2)	31%	46%	5e-176
si:dkey-193b15.5 (NP_001122200.1)	zgc:153654 (NP_001070637.2)	82%	91%	0.0
apol1 (XP_005171358.1)	si:rp71-1g18.13 (XP_021336261.1)	44%	66%	4e-79
si:ch211-14a17.7 (NP_001007181.1)	si:ch211-14a17.6 (NP_001007180.2)	50%	68%	4e-86
psmb11a (NP_001007179.1)	psmb5 (NP_571226.1)	33%	52%	4e-33
ccl34a.3 (NP_001108541.1)	ccl34a.4 (NP_001124127.1)	75%	83%	1e-57
LOC110437890 (XP_021322001.1)	itgb1b (NP_001030159.1)	100%	100%	0.0
itgb1b.1 (XP_005171447.1)	itgb1b.2 (NP_998093.2)	80%	87%	0.0
LOC101884586 (XP_005171463.3)	LOC103910107 (XP_021323579.1)	49%	63%	0.0
nlrb5 (XP_017207673.1)	si:ch211-195h23.3 (XP_021334244.1)	71%	80%	2e-174
kirrelb (XP_009297041.1)	cadm3 (XP_005171448.1)	29%	42%	8e-21
LOC101885431 (XP_009297099.1)	LOC101885494 (XP_005171475.1)	34%	53%	1e-39
fndc7a (XP_021323692.1)	fndc7rs1 (XP_009297086.3)	26%	41%	1e-40
LOC793909 (XP_005163624.1)	lpar5a (NP_955900.1)	31%	52%	3e-38
LOC110437901 (XP_021322049.1)	LOC101883813 (XP_005163627.1)	45%	64%	1e-65
ftr87 (XP_003198007.2)	ftr67 (NP_001034808.2)	49%	66%	3e-118
si:ch73-52e5.2 (NP_001116101.1)	si:ch73-52e5.1 (NP_001116176.1)	66%	78%	5e-94
LOC110437904 (XP_021322086.1)	pigr (XP_005163660.1)	39%	52%	4e-47
zgc:136336 (XP_009297193.1)	chico (NP_001299614.1)	59%	69%	6e-58
zgc:165603 (NP_001092221.1)	celf5b (XP_021322092.1)	41%	57%	3e-14
rab11bb (NP_001002555.1)	LOC100536182 (XP_017207958.1)	88%	94%	1e-113
si:dkeyp-68b7.7 (XP_005171542.1)	si:dkeyp-68b7.5 (XP_001920581.1)	42%	56%	7e-16
si:ch211-155e24.3 (XP_021334205.1)	LOC101882640 (XP_005171536.2)	51%	67%	2e-17
LOC100002591 (XP_017207985.1)	LOC100538151 (XP_003198025.1)	70%	83%	0.0
LOC110438155 (XP_021324069.1)	LOC100332639 (XP_021324064.1)	30%	44%	3e-15
LOC110438919 (XP_021328141.1)	LOC100334883 (XP_021327626.1)	99%	99%	0.0
LOC110438928 (XP_021328161.1)	LOC100005640 (XP_021327684.1)	46%	69%	8e-57
LOC101882869 (XP_017210185.2)	LOC100331400 (XP_021327691.1)	38%	50%	2e-12
LOC799889 (XP_021328227.1)	LOC566574 (XP_021327708.1)	39%	66%	9e-53
LOC108182767 (XP_017210127.2)	LOC100331359 (XP_021327750.1)	47%	73%	1e-74
zgc:165453 (XP_009297326.1)	zgc:171426 (XP_017210396.1)	83%	89%	0.0
art4 (NP_001303691.1)	LOC101884769 (XP_021330508.1)	49%	69%	1e-85
LOC101884509 (XP_021330491.1)	LOC100007727 (XP_021330511.1)	76%	85%	0.0
LOC110437770 (XP_001340834.4)	si:dkey-175d9.2 (XP_687461.6)	83%	88%	0.0
LOC100149234 (XP_009297347.1)	LOC101882166 (XP_005164400.1)	69%	79%	0.0
LOC100332761 (XP_017210387.1)	LOC101885874 (XP_005169853.1)	81%	88%	0.0
LOC101886875 (XP_009297374.1)	LOC100535144 (XP_003198081.1)	90%	94%	5e-152
si:ch73-106l15.3 (XP_005163760.1)	si:ch73-106l15.2 (XP_021328237.1)	74%	84%	0.0
LOC101885345 (XP_021328243.1)	LOC103910196 (XP_017210189.1)	44%	59%	7e-106
cyp2k22 (NP_956529.1)	cyp2k31 (XP_001334090.3)	86%	93%	0.0
LOC110438835 (XP_021327835.1)	LOC110438744 (XP_021327494.1)	58%	66%	2e-96
LOC101883776 (XP_009297449.1)	LOC110438745 (XP_021327510.1)	69%	78%	1e-138
LOC100537716 (XP_021328707.1)	znf1004 (XP_017210218.1)	57%	66%	0.0
zgc:77748 (XP_009297495.1)	LOC100536607 (XP_003198039.1)	55%	72%	1e-112
nfil3-2 (XP_005164407.1)	nfil3-6 (NP_001002218.1)	76%	83%	7e-34
LOC101882898 (XP_005163891.1)	si:dkey-93n13.2 (XP_002661155.1)	38%	61%	2e-17
zgc:66474 (XP_005163858.1)	zgc:66443 (NP_998700.1)	34%	54%	3e-07
stat3 (NP_571554.1)	stat5a (NP_919368.2)	33%	52%	2e-102
dnajc7 (XP_009297610.1)	ttc25 (NP_956610.1)	28%	51%	2e-08
cbx4 (NP_991312.1)	cbx8a (NP_991179.2)	68%	81%	6e-27
sepw2b (NP_919399.3)	sepw2a (NP_919398.1)	59%	79%	2e-42
ifnphi2 (NP_001104552.1)	ifnphi1 (NP_997523.1)	21%	45%	1e-09
b4galnt2.2 (XP_017210240.1)	b4galnt2.1 (XP_686341.3)	68%	82%	0.0
zmp:0000001062 (XP_021330465.1)	LOC571582 (XP_005171679.1)	69%	84%	7e-137
lgals1l1 (NP_001005958.2)	lgals2a (NP_998059.2)	80%	90%	5e-85
prf1.9 (NP_001304687.1)	prf1.1 (XP_001341008.1)	54%	70%	0.0
si:dkey-66i24.8 (XP_017210268.1)	si:dkey-66i24.9 (XP_017210269.1)	38%	52%	2e-48
apnl (NP_001280600.1)	LOC100534815 (XP_003198166.1)	51%	75%	1e-70
LOC100534669 (XP_021327524.1)	baxb (NP_001013314.1)	42%	62%	4e-39
ighv2-1 (XP_021330141.1)	ighv4-5 (XP_009297896.1)	38%	62%	2e-31
LOC100004321 (NP_001314995.1)	baxa (NP_571637.1)	54%	73%	4e-75
retsat (NP_001015061.1)	zgc:154169 (NP_001071261.1)	84%	92%	0.0
arpc1a (NP_958500.1)	arpc1b (NP_998321.1)	69%	83%	0.0
il4r.2 (XP_021330391.1)	il4r.1 (XP_005164266.1)	96%	96%	0.0
il21r.2 (XP_021324729.1)	il21r.1 (XP_005164273.1)	27%	48%	1e-20
gpr146 (NP_001307411.1)	gper1 (NP_001122195.1)	24%	45%	2e-18
LOC103910319 (XP_009297999.1)	LOC103910320 (XP_009298001.1)	79%	91%	0.0
si:dkey-120c6.5 (XP_021330410.1)	LOC110438607 (XP_021327568.1)	29%	52%	3e-37
LOC100150142 (XP_021330418.1)	zgc:165582 (NP_001096106.1)	87%	93%	0.0
adgre14 (XP_021330419.1)	LOC100538195 (XP_021330472.1)	88%	94%	1e-170
LOC108182851 (XP_017210318.1)	LOC100538283 (XP_009298056.1)	33%	53%	5e-15
si:ch211-5k11.8 (NP_001028265.1)	hbbe1.1 (NP_932339.1)	38%	57%	4e-30
LOC100334599 (XP_002661306.1)	hbae3 (NP_898889.2)	68%	80%	9e-74
LOC101885631 (XP_021330429.1)	LOC101885757 (XP_009298088.1)	57%	67%	4e-89
LOC101883850 (XP_005171709.2)	LOC103910342 (XP_009298114.1)	63%	79%	2e-90
LOC101884804 (XP_021330440.1)	LOC103908723 (XP_021330477.1)	63%	73%	3e-103
LOC110439319 (XP_021330479.1)	zgc:112183 (NP_001017715.1)	54%	73%	7e-13
LOC101884750 (XP_021330457.1)	LOC110439308 (XP_021330455.1)	89%	94%	0.0
LOC108182861 (XP_021330459.1)	zgc:113295 (XP_021326232.1)	58%	69%	1e-122
slc38a4 (XP_017210490.1)	slc38a2 (NP_001038569.1)	59%	72%	0.0
LOC110439346 (XP_021330834.1)	si:ch73-177h5.3 (XP_021330835.1)	75%	80%	3e-164
fgf6b (NP_001009563.1)	fgf23 (NP_001009564.2)	32%	57%	2e-12
galnt8b.1 (XP_009298309.1)	galnt8b.2 (XP_021331087.1)	98%	99%	8e-174
LOC101884942 (XP_021331096.1)	LOC110437838 (XP_021330837.1)	28%	45%	2e-08
mapk11 (NP_001002095.1)	mapk12b (NP_001038306.1)	59%	79%	3e-161
si:dkey-14d8.6 (NP_001038304.2)	si:dkey-14d8.7 (NP_001038301.1)	80%	90%	2e-113
si:ch1073-67j19.1 (NP_001314821.1)	si:ch1073-67j19.2 (NP_001314926.1)	64%	77%	5e-110
asb13a.1 (XP_009298394.1)	asb13a.2 (NP_001119582.1)	52%	69%	3e-119
mgst1.1 (NP_001005957.1)	mgst1.2 (NP_001002215.2)	71%	89%	3e-82
nrcama (XP_021330697.1)	cntn1b (NP_001014814.1)	26%	43%	2e-80
th2 (XP_005164791.1)	pah (NP_956845.1)	52%	68%	7e-159
si:dkey-257i7.5 (XP_009298595.1)	spic (NP_001004621.1)	50%	62%	3e-39
LOC101883382 (XP_005164841.1)	LOC108179158 (XP_017210788.1)	92%	95%	0.0
myf6 (NP_001003982.1)	myf5 (NP_571651.1)	46%	61%	3e-41
si:ch211-244b2.3 (NP_001076279.1)	si:ch211-244b2.4 (NP_001014347.1)	37%	52%	7e-45
znf1041 (NP_001107903.1)	LOC100537428 (XP_021331129.1)	70%	77%	0.0
LOC103910459 (XP_017210960.1)	LOC110439438 (XP_021331141.1)	84%	86%	7e-27
LOC110439352 (XP_021330854.1)	LOC103910465 (NP_001315631.1)	50%	66%	7e-100
LOC100536676 (XP_003198346.1)	LOC101886167 (XP_021331104.1)	53%	67%	2e-108
zgc:173716 (XP_003198383.1)	LOC108183612 (XP_021331140.1)	54%	68%	1e-113
LOC794656 (NP_001121827.1)	LOC110439425 (XP_021331109.1)	50%	68%	2e-136
LOC110439431 (XP_021331132.1)	LOC110439423 (XP_021331100.1)	96%	99%	0.0
zgc:113135 (XP_017210990.1)	LOC100538196 (XP_017210986.1)	66%	74%	2e-164
LOC100151294 (XP_017210993.2)	LOC100330188 (XP_017210982.1)	56%	67%	2e-123
LOC108183426 (XP_017210815.2)	LOC108183562 (XP_021330859.1)	87%	91%	0.0
LOC108183429 (XP_017210822.1)	LOC108183436 (XP_021331014.1)	50%	61%	4e-133
LOC108183430 (XP_017210824.1)	LOC110439384 (XP_021331015.1)	60%	74%	4e-88
LOC103910514 (XP_017210816.1)	LOC108183428 (XP_017210820.1)	46%	63%	9e-180
LOC100536867 (XP_021331153.1)	LOC110439385 (XP_021331016.1)	53%	67%	2e-76
LOC571651 (XP_021331168.1)	LOC108183680 (XP_017211038.1)	89%	96%	0.0
LOC101884055 (XP_005157357.4)	LOC101884367 (XP_021331509.1)	74%	82%	7e-144
LOC101884961 (XP_017210643.2)	LOC110439387 (XP_021331018.1)	76%	85%	2e-141
LOC110439495 (XP_021331250.1)	LOC110439482 (XP_021331213.1)	64%	79%	9e-40
LOC101886386 (XP_021331020.1)	si:dkey-237m9.1 (XP_017211096.1)	92%	95%	4e-157
si:ch211-142b24.6 (XP_009298896.2)	zgc:174696 (NP_001108356.2)	53%	66%	4e-116
LOC110439488 (XP_021331225.1)	znf1072 (XP_017211094.1)	63%	72%	7e-134
LOC110439389 (XP_021331030.1)	si:dkey-29j8.1 (XP_017211005.1)	86%	90%	2e-57
znf1040 (XP_017211075.1)	LOC108183703 (XP_017211108.2)	68%	76%	0.0
LOC100332070 (XP_017211136.2)	LOC108183829 (XP_021331312.1)	54%	69%	7e-101
LOC110439341 (XP_021330826.1)	LOC100537530 (XP_017211130.1)	53%	65%	2e-96
si:ch211-197e7.1 (XP_021331035.1)	LOC103910704 (XP_021331274.1)	53%	71%	0.0
LOC100537361 (XP_003198540.5)	LOC100537400 (XP_021330827.1)	69%	76%	3e-89
LOC103910762 (XP_009299025.2)	LOC101886363 (XP_017210844.2)	56%	71%	2e-113
LOC100147926 (XP_017210833.1)	LOC108183449 (XP_017210842.1)	82%	88%	1e-171
LOC110439368 (XP_021330961.1)	LOC108183323 (XP_021331041.1)	59%	71%	1e-86
LOC100150095 (XP_001923745.2)	zgc:173713 (XP_003198571.1)	54%	67%	2e-150
LOC100537399 (XP_009299095.2)	LOC108183335 (XP_017210693.2)	95%	96%	0.0
LOC108183928 (XP_017211222.1)	si:dkey-30f3.2 (XP_017211236.1)	71%	78%	3e-129
LOC110439607 (XP_021331420.1)	LOC110439604 (XP_021331402.1)	38%	56%	6e-78
si:ch211-223a21.4 (XP_009299145.1)	LOC110439614 (XP_021331434.1)	54%	65%	4e-112
LOC110439606 (XP_021331414.1)	LOC110439605 (XP_021331412.1)	94%	97%	0.0
LOC110439615 (XP_021331435.1)	si:ch211-203c5.3 (XP_021331404.1)	84%	89%	8e-38
LOC108184007 (XP_017211286.1)	LOC101887122 (XP_005159077.1)	50%	65%	5e-98
LOC108184005 (XP_021331421.1)	LOC100151503 (XP_021331430.1)	69%	78%	1e-155
LOC100332035 (XP_021331415.1)	LOC101883642 (XP_009299174.2)	55%	69%	2e-90
LOC101882744 (XP_017211274.2)	LOC103910919 (XP_017211270.1)	44%	63%	4e-167
LOC103910940 (XP_021331441.1)	LOC103910941 (XP_021331443.1)	47%	65%	0.0
LOC100538090 (XP_017210610.1)	LOC100537936 (XP_009299203.2)	76%	85%	2e-166
LOC110437842 (XP_021331451.1)	zgc:173615 (XP_021331446.1)	54%	69%	5e-105
LOC108183482 (XP_017210864.1)	si:ch211-171l17.4 (XP_017210866.1)	44%	63%	1e-170
LOC108183483 (XP_021331442.1)	LOC100005483 (XP_017210869.1)	43%	63%	0.0
LOC108183484 (XP_017210870.1)	LOC108183485 (XP_017210871.1)	47%	68%	0.0
LOC108183489 (XP_017210875.1)	LOC110439408 (XP_021331066.1)	97%	98%	0.0
LOC108183497 (XP_021331471.1)	LOC108183500 (XP_017210888.1)	95%	97%	0.0
LOC108183501 (XP_017210889.1)	si:dkey-27n6.1 (NP_001137523.1)	78%	82%	5e-10
LOC100005516 (XP_021330966.1)	LOC103910264 (XP_021330969.1)	78%	83%	6e-24
LOC103908715 (XP_021330971.1)	LOC100004951 (XP_021330972.1)	85%	91%	0.0
LOC101885996 (XP_005165065.1)	LOC100536348 (XP_003201694.1)	48%	59%	2e-97
LOC101883084 (XP_021331482.1)	LOC103910999 (XP_021331069.1)	53%	73%	7e-59
znf989 (XP_021330691.1)	zgc:173624 (XP_009299301.1)	63%	77%	7e-110
si:cabz01069013.4 (XP_021330979.1)	si:cabz01069012.2 (XP_021330978.1)	86%	91%	0.0
kcna1b (XP_699869.2)	LOC100004160 (XP_021330984.1)	66%	81%	0.0
si:dkey-71l4.3 (XP_017210909.1)	LOC108183522 (XP_017210916.1)	93%	94%	0.0
zgc:171673 (XP_005168174.1)	si:ch73-158p21.2 (XP_003198608.1)	42%	55%	3e-99
si:ch73-158p21.3 (XP_002661942.3)	zgc:123107 (NP_001077290.1)	29%	42%	6e-10
LOC110437834 (XP_021331496.1)	si:dkey-240n22.1 (XP_021331494.1)	78%	84%	0.0
LOC103911026 (XP_021331009.1)	LOC108179157 (XP_017210723.1)	72%	79%	5e-69
zgc:194336 (NP_001124130.1)	LOC110439382 (XP_021331010.1)	47%	63%	7e-66
LOC110437810 (XP_021331011.1)	LOC100536116 (XP_021331012.1)	100%	100%	0.0
si:ch211-283g2.2 (XP_005165074.1)	si:ch211-283g2.3 (XP_021332405.1)	56%	74%	9e-57
sat1a.1 (NP_001025370.1)	sat1a.2 (NP_001002169.1)	84%	95%	5e-114
LOC101886910 (XP_005168661.2)	cst14b.2 (XP_005168662.1)	57%	68%	1e-38
pimr122 (XP_021332018.1)	pimr123 (XP_021332019.1)	81%	83%	0.0
LOC571561 (XP_021332080.1)	ugt2b1 (NP_001170809.1)	72%	89%	1e-116
ugt2b3 (NP_001170812.1)	zgc:172315 (NP_001107098.1)	86%	93%	0.0
zgc:158343 (NP_001073507.1)	tor4ab (NP_001103331.1)	27%	54%	2e-07
ccl19a.2 (NP_001129720.2)	ccl19a.1 (XP_005165111.1)	36%	54%	2e-19
LOC101884650 (XP_005165291.3)	LOC100536577 (XP_009299665.1)	69%	76%	0.0
si:dkey-27p18.3 (XP_021332122.1)	LOC100148510 (XP_021332123.1)	72%	85%	4e-59
cx27.5 (NP_571886.1)	cx39.9 (XP_021331728.1)	46%	66%	3e-71
gbgt1l3 (XP_021331770.1)	si:ch211-135f11.4 (XP_017211681.1)	90%	95%	0.0
tmc2b (XP_017211636.1)	tmc1 (XP_021331962.1)	53%	67%	0.0
marveld2b (NP_001119878.1)	oclnb (XP_005171901.1)	32%	53%	3e-14
vamp8 (NP_956053.1)	vamp5 (NP_001243535.1)	32%	55%	6e-10
LOC100334739 (XP_021332025.1)	LOC108190082 (XP_021332026.1)	86%	90%	0.0
entpd2a.2 (XP_687722.1)	entpd2a.1 (NP_001004643.1)	78%	85%	0.0
si:ch211-215c18.3 (XP_005172009.1)	thy1 (NP_001300699.1)	29%	46%	1e-14
f11r.2 (NP_001076451.1)	f11r.1 (NP_001004667.1)	73%	81%	2e-127
si:ch211-117m20.5 (NP_001239578.1)	tcnl (NP_001122207.1)	53%	68%	1e-53
spns2 (NP_001077316.1)	spns3 (NP_001093506.1)	54%	69%	1e-162
scn4bb (NP_001071041.1)	mpzl2b (NP_997928.1)	28%	45%	6e-08
LOC110439816 (XP_021332241.1)	LOC564671 (XP_021332014.1)	84%	89%	5e-35
cxcl11.8 (NP_001119885.1)	LOC101886833 (XP_021332027.1)	33%	49%	4e-10
LOC110438663 (XP_021332029.1)	LOC110438664 (XP_021332243.1)	97%	98%	1e-136
LOC799924 (XP_017211897.2)	LOC108190033 (XP_021332016.1)	81%	90%	3e-85
fbp2 (XP_005165357.1)	fbp1a (NP_956236.1)	71%	85%	0.0
zgc:110626 (NP_001017889.1)	si:ch211-130m23.2 (NP_001108161.1)	82%	89%	0.0
fam169aa (NP_001038832.1)	zgc:194398 (NP_001128614.1)	63%	80%	2e-07
lnpep (XP_021331685.1)	erap2 (XP_005165525.1)	44%	63%	0.0
gna14 (NP_001003753.1)	gnaq (NP_001138271.1)	68%	83%	0.0
LOC110439835 (XP_021332345.1)	si:ch73-376l24.6 (XP_017211872.1)	38%	53%	1e-31
aldh2.1 (NP_956784.1)	aldh2.2 (NP_998466.2)	95%	98%	0.0
LOC101886526 (XP_009300324.1)	zgc:113050 (XP_021332374.1)	54%	60%	0.0
ugt2a6 (NP_001138283.1)	ugt2a5 (NP_001070111.2)	84%	88%	0.0
tbx5a (XP_021331670.1)	tbx3a (NP_001095140.2)	61%	75%	2e-83
LOC101886547 (XP_009300351.2)	LOC110439854 (XP_021332646.1)	87%	93%	0.0
LOC110437775 (XP_021332648.1)	pde6h (NP_001292483.1)	100%	100%	2e-54
zgc:158417 (NP_001073127.2)	zgc:113442 (NP_001013298.1)	36%	60%	2e-56
tuba8l4 (NP_956479.1)	si:ch211-114n24.6 (NP_001313524.1)	98%	99%	0.0
si:busm1-52i16.2 (XP_021332630.1)	cldn10a (NP_001007038.1)	35%	60%	7e-47
nfil3-3 (XP_005165795.1)	nfil3-5 (XP_021332464.1)	64%	76%	5e-24
LOC562898 (XP_021332677.1)	pimr70 (XP_021332678.1)	78%	79%	7e-134
si:dkey-34m19.3 (XP_017212065.1)	sp3b (XP_005165855.1)	40%	60%	7e-18
LOC795066 (XP_009300531.1)	zgc:194469 (XP_009300496.1)	72%	83%	0.0
si:rp71-81e14.2 (NP_001091729.1)	si:ch211-188c18.1 (XP_021332631.1)	49%	62%	3e-60
lrrc8db (XP_005168797.2)	lrrc8c (NP_001313473.1)	52%	70%	0.0
si:ch73-97h19.2 (XP_699860.2)	ccbl2 (XP_021332476.1)	95%	98%	0.0
LOC101882153 (XP_021332789.1)	farp2 (XP_009300696.1)	24%	44%	4e-12
il23r (XP_021332420.1)	il12rb2 (XP_021332417.1)	22%	42%	8e-28
brinp3a.1 (NP_001107909.1)	brinp3a.2 (XP_001341569.2)	70%	84%	0.0
lrrc15 (NP_001074151.1)	LOC110439874 (XP_021332864.1)	31%	53%	6e-55
cthl (NP_001005400.1)	cth (NP_997769.3)	83%	91%	0.0
si:dkey-66a8.7 (XP_021332869.1)	plcxd1 (XP_691942.1)	45%	62%	9e-94
nipa2 (NP_998290.1)	nipa1 (NP_001006062.1)	43%	63%	1e-73
oca2 (XP_021333029.1)	oca2_1 (XP_021332872.1)	95%	96%	4e-61
krt4 (NP_571584.2)	zgc:158846 (NP_001076492.1)	75%	88%	0.0
LOC108179118 (XP_021332905.1)	fgd5b (XP_021332911.1)	39%	51%	1e-05
LOC108179103 (XP_017212270.1)	LOC571410 (XP_693932.2)	47%	68%	8e-91
tulp1b (XP_021332987.1)	LOC110439885 (XP_021333037.1)	95%	100%	4e-09
cabz01076234.2 (XP_017212415.1)	zgc:175177 (XP_021333757.1)	84%	89%	1e-164
LOC108190590 (XP_021333797.1)	si:dkey-162h11.3 (XP_021333794.1)	56%	75%	1e-95
si:cabz01007802.1 (XP_001920639.4)	si:cabz01007807.1 (XP_002667295.4)	32%	53%	8e-44
LOC110439976 (XP_021333800.1)	si:dkey-187j14.6 (XP_021333799.1)	29%	43%	9e-11
LOC101886404 (XP_017212673.1)	LOC108179114 (XP_017212674.1)	91%	93%	0.0
LOC100332081 (XP_021333766.1)	LOC100534786 (XP_009301125.1)	68%	81%	0.0
LOC100331508 (XP_009301113.1)	LOC101885464 (XP_005160452.1)	69%	78%	0.0
si:ch211-282j17.12 (XP_001334303.4)	si:ch211-282j17.13 (XP_001334403.2)	96%	97%	0.0
slc12a10.2 (NP_001038466.1)	slc12a10.3 (XP_021333240.1)	76%	87%	0.0
ltb4r (XP_002662767.4)	ltb4r2a (XP_017212293.2)	42%	63%	7e-83
zgc:195075 (NP_001124132.1)	LOC100333313 (XP_021333775.1)	47%	63%	6e-74
LOC565424 (XP_693796.5)	si:dkeyp-67a8.4 (XP_694045.2)	88%	93%	0.0
jac7 (NP_001103881.1)	zgc:172143 (XP_005166409.3)	57%	74%	6e-135
jac3 (XP_001920106.1)	jac2 (XP_689401.2)	97%	98%	0.0
mespba (NP_571627.1)	mespaa (NP_571626.1)	54%	66%	3e-38
si:ch211-276a23.5 (XP_021333394.1)	si:ch211-106j24.1 (XP_682987.1)	59%	77%	0.0
nitr7a (NP_001122037.1)	nitr7b (NP_001005578.1)	79%	85%	7e-100
LOC100329853 (XP_002667358.3)	LOC110439907 (XP_021333313.1)	73%	86%	7e-126
si:ch211-212k18.8 (XP_021333420.1)	si:ch211-212k18.9 (XP_021333422.1)	93%	96%	3e-142
slc3a2a (NP_571676.2)	zgc:158423 (NP_001073552.1)	61%	76%	0.0
si:dkey-19b23.15 (XP_021333451.1)	sat2a (NP_001008598.1)	96%	98%	9e-130
si:dkey-85k7.10 (XP_021333817.1)	si:dkey-85k7.11 (XP_684184.3)	49%	68%	9e-109
chrnb1 (NP_001240739.1)	chrnb1l (NP_001233249.1)	61%	76%	0.0
zgc:153151 (NP_001038830.1)	si:ch211-216p19.6 (XP_005172385.1)	29%	43%	3e-22
si:dkey-11k2.7 (XP_005172386.1)	ptgr1 (NP_001008651.1)	61%	75%	1e-162
mtm1 (XP_009301342.1)	mtmr1a (XP_009301334.1)	58%	74%	0.0
si:dkey-62k3.6 (XP_017212512.1)	plscr3b (XP_021333129.1)	42%	61%	1e-79
cd82a (XP_021333078.1)	tspan18a (XP_021333138.1)	31%	49%	6e-32
adgrg1 (XP_005166446.1)	LOC563479 (XP_017212539.2)	68%	74%	0.0
LOC799640 (XP_021333296.1)	itln4 (XP_021333317.1)	88%	92%	0.0
smad3a (NP_571646.1)	smad6a (NP_001019981.2)	29%	46%	5e-39
si:dkey-148a17.5 (NP_001315622.1)	si:dkey-148a17.6 (NP_001315635.1)	55%	72%	1e-126
zgc:136461 (NP_001038747.1)	ctrb1 (NP_997783.1)	87%	93%	1e-169
irx6a (NP_001018869.1)	irx5a (XP_021333268.1)	44%	61%	9e-48
tnni2b.2 (NP_001003423.1)	tnni2b.1 (NP_001129964.1)	82%	89%	1e-93
cdh8 (XP_017212564.1)	cdh11 (XP_021333067.1)	61%	76%	0.0
cklf (XP_002662920.1)	cmtm3 (NP_001003468.1)	31%	56%	2e-19
cyp2x10.2 (NP_001037774.2)	LOC100148115 (NP_001315620.1)	99%	100%	0.0
si:dkey-286h2.7 (XP_005166578.1)	si:dkey-286h2.3 (NP_001073322.1)	92%	96%	0.0
bco1l (XP_021333112.1)	bco1 (NP_001315424.1)	53%	73%	1e-151
LOC110439961 (XP_021333730.1)	LOC101885715 (XP_017212622.1)	99%	99%	5e-158
LOC100334396 (XP_021333736.1)	LOC101886687 (XP_005172429.1)	67%	78%	0.0
LOC571043 (XP_699687.6)	LOC100332770 (XP_017212655.1)	36%	62%	7e-08
btr12 (XP_017212401.1)	si:dkey-46i9.6 (XP_700683.4)	42%	62%	7e-159
LOC103911450 (XP_009301965.1)	LOC100535130 (XP_009301964.1)	94%	98%	6e-34
fabp1b.1 (NP_001019822.1)	fabp1b.2 (XP_002663094.2)	50%	71%	2e-43
LOC101886963 (XP_005166805.1)	LOC108190928 (XP_021334026.1)	48%	56%	3e-29
zgc:112433 (XP_009301989.1)	ctu1 (XP_017212780.1)	68%	81%	0.0
sept5a (NP_956282.1)	zgc:63587 (NP_956753.1)	68%	84%	7e-112
cxxc1a (NP_956893.1)	mbd1a (XP_009302034.1)	60%	71%	2e-17
si:ch211-229n2.7 (NP_001116794.1)	si:ch211-229n2.6 (NP_001116735.1)	83%	95%	5e-114
bgna (NP_001002227.1)	si:dkey-6n6.1 (NP_001124118.1)	34%	52%	2e-29
abl2 (XP_005166946.1)	fnbp1l (NP_001003634.1)	36%	62%	2e-06
rpe65b (NP_001082902.2)	rpe65c (NP_001107125.1)	96%	98%	0.0
si:ch73-281k2.5 (XP_009302182.1)	notch2 (NP_001108566.2)	83%	87%	6e-132
foxe3 (NP_001073150.2)	foxd2 (NP_571346.2)	59%	68%	6e-48
si:dkeyp-82a1.6 (XP_001339602.3)	zgc:112962 (XP_009302170.1)	57%	74%	9e-100
aldh9a1a.2 (XP_021333836.1)	aldh9a1a.1 (XP_005166831.1)	94%	96%	0.0
dnmt3ba (XP_005167049.1)	mapre1a (NP_956158.2)	42%	69%	2e-36
cfp (XP_005167095.1)	si:ch73-237c6.1 (XP_005167041.1)	98%	99%	0.0
mapk14a (XP_005167118.1)	srpk1a (XP_017212769.2)	34%	46%	2e-11
LOC796922 (XP_001922612.6)	LOC797120 (XP_017213071.1)	98%	99%	0.0
LOC568866 (XP_697318.6)	LOC796257 (XP_021334115.1)	98%	99%	0.0
LOC110438801 (XP_021334114.1)	LOC795802 (XP_001333826.5)	99%	99%	0.0
LOC558704 (XP_021334122.1)	slc26a6 (XP_001344243.4)	48%	69%	5e-146
mov10b.2 (NP_001037805.1)	mov10b.1 (NP_001037807.2)	67%	81%	0.0
LOC110439997 (XP_021334009.1)	ptpn1 (NP_001300615.1)	100%	100%	4e-60
tas2r200.2 (NP_001018341.1)	tas2r200.1 (NP_001034919.1)	80%	89%	0.0
LOC100536206 (XP_021334233.1)	LOC100331417 (XP_021334234.1)	97%	99%	1e-180
zgc:194839 (XP_021333833.1)	si:dkey-56i24.1 (NP_001116761.1)	86%	90%	0.0
LOC110440035 (XP_021334248.1)	si:zfos-367g9.1 (XP_005167290.2)	29%	43%	2e-14
mhc2dab (NP_571551.2)	si:busm1-266f07.2 (NP_001004521.2)	28%	52%	4e-11
si:ch211-170d8.5 (XP_005167430.1)	si:ch211-170d8.8 (XP_005167444.1)	33%	56%	3e-33
LOC100000633 (XP_009302444.1)	zgc:174931 (NP_001315033.1)	52%	65%	2e-154
tas1r2.1 (NP_001034920.1)	tas1r2.2 (NP_001077325.1)	70%	83%	0.0
hes2.2 (NP_001038818.1)	hes2.1 (XP_021333940.1)	56%	75%	3e-67
LOC110440002 (XP_021334013.1)	LOC108191006 (XP_021334014.1)	63%	77%	6e-124
si:ch211-194e1.9 (XP_017213032.1)	si:ch211-194e1.7 (XP_021334175.1)	90%	94%	0.0
LOC100535162 (XP_017213099.1)	LOC110437731 (XP_003199194.1)	53%	71%	1e-43
nkx3-1 (XP_682960.4)	nkx2.7 (NP_571494.1)	66%	80%	4e-26
nr5a1a (NP_571869.1)	nr6a1a (XP_017212760.1)	28%	48%	4e-50
LOC101883320 (XP_021334192.1)	apeh (XP_017213050.2)	87%	93%	6e-72
si:ch73-236j9.2 (XP_021334194.1)	slc35e2b (XP_021334195.1)	100%	100%	0.0
LOC110440027 (XP_021334206.1)	wu:fl23c11 (XP_009302641.1)	32%	47%	7e-09
ptgfrn (XP_009302671.1)	LOC100005927 (XP_003199212.3)	25%	43%	7e-49
tuba8l3 (NP_001003558.1)	si:ch73-199e17.1 (XP_005167502.1)	96%	99%	0.0
wnt6b (XP_003199237.2)	wnt10a (NP_571055.1)	38%	55%	3e-80
LOC100003133 (XP_001342763.2)	si:ch211-167j6.5 (XP_009302797.1)	60%	72%	3e-101
si:ch211-140m22.7 (NP_001315074.1)	ndufv3 (XP_009302930.1)	61%	78%	1e-08
cx30.3 (NP_997990.2)	gja3 (XP_005167598.1)	47%	62%	7e-73
crygs4 (NP_001013293.1)	crygs3 (NP_001012390.1)	64%	79%	4e-85
lypd6 (XP_021334318.1)	lypd6b (NP_001121801.1)	40%	60%	2e-37
col6a3 (XP_021334593.1)	LOC108191316 (XP_021334595.1)	37%	60%	0.0
LOC101884718 (XP_021334759.1)	LOC100537744 (XP_003199279.2)	82%	91%	3e-117
zgc:162396 (NP_001038247.2)	zgc:162780 (NP_001038249.1)	39%	60%	2e-70
epb41l5 (NP_956383.1)	ptpn4a (NP_001007201.1)	40%	59%	2e-81
si:dkey-18p12.4 (NP_001116179.1)	zgc:113314 (NP_001028925.1)	29%	54%	1e-17
olig1 (XP_005167710.1)	olig2 (NP_835201.1)	54%	68%	1e-28
mxc (XP_005167728.1)	mxe (XP_005167721.2)	75%	84%	0.0
si:ch211-125e6.5 (XP_001337601.1)	zgc:172053 (NP_001104712.1)	98%	99%	1e-114
gpr34b (NP_001122018.1)	si:dkey-216e24.9 (XP_017213322.1)	21%	43%	7e-13
ildr1b (NP_001004642.2)	ildr2 (XP_005167904.1)	34%	57%	4e-33
stat4 (XP_021334299.1)	stat1b (XP_021334295.1)	48%	65%	0.0
LOC110440056 (XP_021334761.1)	twist2 (NP_001005956.1)	53%	67%	1e-14
LOC559107 (XP_021334699.1)	lct (XP_021334701.1)	91%	95%	0.0
LOC797181 (XP_021334740.1)	cxcr2 (XP_017213388.1)	41%	61%	5e-81
rdh1 (XP_005167985.1)	dhrs9 (NP_955903.1)	51%	70%	2e-122
tlr7 (XP_021334735.1)	LOC100332583 (XP_002665954.4)	40%	58%	0.0
oclna (NP_997997.2)	marveld2a (XP_687068.1)	34%	59%	2e-18
hnrnpd (XP_005155604.1)	hnrpdl (XP_005155599.1)	60%	71%	8e-110
si:ch211-57m13.9 (XP_021335173.1)	LOC110440082 (XP_021335174.1)	96%	97%	0.0
si:dkeyp-41f9.3 (XP_017213497.1)	LOC110440062 (XP_021334936.1)	24%	42%	2e-34
ptgdsa (NP_001186920.1)	ambp (NP_957412.2)	34%	52%	5e-29
plac8.2 (NP_001077342.1)	plac8.1 (NP_001028269.1)	77%	85%	3e-52
il11ra (XP_009303458.1)	cntfr (NP_001091712.1)	35%	49%	1e-49
si:ch211-95j8.2 (XP_001337447.2)	si:ch211-95j8.5 (XP_005155637.1)	47%	62%	7e-80
fbn2 (XP_021334962.1)	fbn2a (XP_021334963.1)	33%	48%	2e-101
LOC100006777 (XP_021335004.1)	LOC100006797 (XP_001345450.3)	47%	68%	0.0
zgc:123181 (NP_001038802.1)	pcdh1g1 (NP_001018640.1)	36%	57%	5e-40
LOC110440084 (XP_021335183.1)	pcdh1gb2 (NP_001012676.2)	93%	96%	0.0
LOC108191536 (XP_017213624.1)	pcdh1g9 (NP_001019280.1)	86%	90%	0.0
LOC110440070 (XP_021335008.1)	LOC562648 (XP_017213521.2)	77%	85%	0.0
ponzr10 (XP_021335009.1)	LOC100537055 (XP_021335195.1)	78%	86%	3e-74
LOC100002544 (XP_021335016.1)	zgc:172339 (NP_001104647.1)	58%	75%	8e-118
dchs1b (XP_021335025.1)	LOC103911750 (XP_009303620.1)	33%	47%	1e-66
LOC103911752 (XP_021335057.1)	LOC101882921 (XP_021335058.1)	34%	52%	9e-43
LOC101883059 (XP_005172752.1)	LOC103911768 (XP_021335188.1)	86%	92%	2e-89
si:ch211-103f14.3 (XP_009303747.1)	zpld1a (XP_021334858.1)	42%	60%	2e-85
prkrira (NP_998246.1)	si:dkey-250d21.1 (XP_021335075.1)	28%	51%	2e-102
dgat2 (NP_001025367.1)	mogat2 (NP_001006083.2)	53%	70%	9e-98
LOC110437828 (XP_021335095.1)	LOC101882006 (XP_021335189.1)	99%	99%	2e-118
pimr146 (XP_021335191.1)	pimr150 (XP_021335192.1)	99%	99%	0.0
ucp3 (NP_956647.2)	ucp2 (XP_009303837.1)	77%	87%	2e-155
dhrs13a.2 (NP_001004641.1)	dhrs13a.1 (NP_001007364.1)	64%	79%	1e-130
LOC101883213 (XP_021335120.1)	mmp13a (NP_001277408.1)	37%	56%	3e-110
LOC108191508 (XP_017213580.1)	LOC103911781 (XP_009303909.1)	82%	91%	0.0
taar16f (XP_009303912.1)	LOC108191509 (XP_017213581.1)	92%	96%	0.0
si:ch211-139n6.3 (XP_021335135.1)	LOC100004186 (XP_001343549.3)	39%	55%	1e-58
adrb3b (NP_001128606.1)	prlhr2b (NP_001108618.1)	26%	46%	6e-24
LOC798445 (XP_001338890.2)	LOC101886133 (XP_017213601.1)	85%	89%	2e-171
hcar1-2 (NP_001156767.1)	hcar1-1 (NP_001156764.1)	90%	94%	0.0
mkrn2os.1 (XP_001922899.1)	mkrn2os.2 (XP_001920208.5)	39%	57%	9e-53
slc6a1b (NP_001007363.1)	slc6a11b (XP_017213744.2)	55%	73%	0.0
mapk14b (XP_017213684.1)	srpk1b (XP_009304042.1)	30%	41%	4e-11
itih3a (NP_001018424.1)	itih1 (XP_693183.4)	65%	80%	0.0
si:ch211-253b8.2 (NP_001188489.1)	zgc:173548 (NP_001099175.1)	34%	51%	2e-44
pla2r1 (XP_005155783.1)	ly75 (XP_009304139.1)	31%	49%	0.0
krt93 (NP_001035449.1)	krt94 (NP_001070922.1)	79%	89%	0.0
krt15 (NP_998688.2)	zgc:110712 (NP_001017588.1)	45%	63%	8e-110
si:ch211-156l18.6 (XP_021335432.1)	zgc:174358 (XP_021335430.1)	98%	98%	3e-131
LOC110440097 (XP_021335452.1)	zgc:175135 (NP_001108194.2)	98%	99%	0.0
zgc:113307 (NP_001018560.1)	prelp (XP_001923590.1)	36%	57%	3e-62
il19l (NP_001076424.1)	il10 (NP_001018621.2)	27%	50%	2e-20
mapkapk2a (NP_958460.1)	zgc:172180 (NP_001108400.1)	29%	50%	7e-21
nfasca (XP_021335211.1)	cntn2 (NP_571521.1)	28%	45%	3e-101
chia.1 (NP_998215.1)	chia.2 (NP_998414.1)	50%	66%	1e-176
cxxc1b (NP_956627.1)	mbd1b (NP_001038218.1)	58%	66%	7e-16
LOC110440101 (XP_021335528.1)	guca2b (NP_001298140.1)	37%	59%	1e-23
il1fma (NP_001277347.1)	si:ch73-226l13.2 (NP_001269007.1)	38%	55%	1e-34
zgc:158773 (NP_001075880.1)	zgc:153665 (XP_005169434.1)	81%	88%	3e-91
col6a2 (XP_021335547.1)	col6a1 (XP_009304444.1)	36%	51%	1e-146
mst1rb (XP_021335551.1)	camkvb (NP_956744.1)	25%	43%	5e-06
LOC110440127 (XP_021335670.1)	LOC100003022 (XP_021335671.1)	80%	81%	3e-33
si:ch211-11c3.9 (XP_017213847.2)	LOC101885860 (XP_017213851.2)	70%	81%	8e-50
itih3b (NP_001028276.1)	zgc:112265 (XP_017213664.1)	56%	71%	0.0
tnfrsf1b (XP_005155972.1)	si:dkeyp-61b2.1 (XP_002663872.2)	34%	42%	1e-13
LOC101887111 (XP_005172991.3)	LOC100332902 (XP_005172993.3)	99%	99%	0.0
LOC110440113 (XP_021335602.1)	si:dkey-93h22.8 (NP_001296721.1)	98%	99%	0.0
si:dkey-93h22.7 (XP_009304606.1)	LOC101886098 (XP_021335605.1)	31%	50%	1e-21
sult2st1 (NP_944596.2)	sult2st2 (NP_001071637.1)	87%	95%	0.0
sstr2a (XP_005170178.1)	LOC100333697 (XP_002665650.1)	44%	64%	2e-76
gdf10b (NP_001165060.1)	gdf2 (NP_001165057.2)	41%	57%	2e-25
si:dkey-32n7.7 (XP_021335883.1)	LOC100333187 (XP_021335884.1)	65%	76%	7e-117
si:dkey-269i1.4 (NP_001099150.1)	si:dkey-26g8.4 (XP_003199634.1)	99%	99%	0.0
si:dkey-26g8.5 (NP_001096585.1)	zgc:174855 (NP_001096592.1)	98%	99%	0.0
hbbe3 (NP_001015058.1)	hbbe2 (NP_998011.1)	72%	84%	1e-83
aqp8a.2 (NP_001073651.1)	aqp8a.1 (NP_001004661.1)	50%	75%	1e-103
st6galnac1.1 (XP_021335804.1)	st6galnac1.2 (NP_001076403.1)	56%	73%	1e-144
uts2r (XP_009305031.1)	LOC110440145 (XP_021336025.1)	60%	74%	5e-141
crygmx (NP_001013280.1)	crygmxl2 (NP_001019598.1)	58%	73%	9e-80
enpp7.1 (NP_001243734.1)	enpp7.2 (NP_001314969.1)	83%	91%	0.0
kcnj2a (NP_001318145.1)	kcnj16 (XP_009305113.1)	41%	62%	3e-92
LOC101882496 (XP_005156486.1)	LOC108191746 (XP_021335853.1)	39%	48%	3e-34
dlg5b.1 (XP_021336124.1)	LOC103911966 (XP_009305280.2)	98%	99%	6e-121
zmp:0000000760 (XP_002664125.2)	col21a1 (XP_017214401.1)	36%	48%	2e-69
znf318 (XP_005156567.1)	si:dkeyp-121d4.3 (XP_005156568.1)	43%	59%	7e-12
exoc3l4 (XP_009305373.1)	tnfaip2b (XP_697839.5)	21%	43%	2e-20
pimr156 (XP_021336410.1)	pimr158 (XP_021336412.1)	99%	99%	0.0
si:ch211-117n7.7 (NP_001038808.1)	si:ch211-117n7.6 (XP_683654.2)	80%	88%	0.0
LOC100150906 (XP_021336617.1)	si:ch211-195e19.1 (XP_021336437.1)	37%	55%	4e-48
adh8b (XP_021336224.1)	adh8a (NP_001001946.3)	78%	87%	0.0
noto (NP_571130.1)	emx1 (NP_937787.1)	40%	58%	3e-23
pbld (NP_001019582.1)	pbld2 (NP_001017897.1)	74%	87%	4e-106
hk1 (NP_998417.1)	hkdc1 (NP_001108597.1)	71%	84%	0.0
gsto1 (NP_001002621.1)	gsto2 (NP_001007373.1)	74%	83%	2e-139
tlx1 (NP_739571.1)	lbx1a (NP_001020703.1)	52%	69%	4e-22
lrit1a (NP_001018174.2)	lrit2 (NP_001018372.2)	32%	52%	3e-64
LOC101883994 (XP_005157000.1)	cxcl18a.1 (NP_001315019.1)	31%	54%	5e-16
six1a (XP_021336244.1)	six4a (NP_571793.2)	65%	77%	1e-90
si:dkey-71p21.13 (XP_009305709.1)	zgc:172120 (NP_001121748.1)	56%	73%	2e-97
ftr80 (XP_017214326.1)	zgc:136302 (NP_001333093.1)	66%	77%	0.0
si:dkey-76k16.6 (NP_001314704.1)	si:dkey-76k16.5 (NP_001314707.1)	42%	66%	6e-85
zgc:163030 (NP_001082882.2)	cst3 (NP_001026843.2)	68%	83%	5e-68
cdkl1 (NP_001003773.1)	map4k5 (XP_021336203.1)	30%	50%	2e-29
nkx3.3 (NP_001013342.2)	nkx2.3 (NP_571498.1)	67%	79%	1e-25
capn1a (XP_009305823.1)	capn2a (NP_001013519.1)	63%	80%	0.0
ftr70 (XP_021336575.1)	ftr69 (XP_017214343.1)	73%	86%	0.0
pkz (NP_001035466.1)	eif2ak2 (NP_001107942.1)	48%	66%	4e-58
vent (NP_571775.1)	vox (NP_571773.1)	40%	49%	3e-37
pcdh2g16 (NP_001019359.1)	LOC100536761 (XP_003199871.2)	43%	60%	0.0
pcdh2g5 (NP_001019349.1)	pcdh2g3 (NP_001019347.1)	88%	93%	0.0
pcdh2g1 (NP_001019345.1)	pcdh2ac (NP_001007763.1)	43%	62%	0.0
pcdh2ab8 (NP_001009595.1)	LOC108192080 (XP_017214525.1)	83%	90%	0.0
pcdh2aa3 (NP_001009587.1)	si:ch73-379j16.2 (XP_017214536.1)	75%	86%	0.0
pcdh2aa1 (NP_001009585.1)	LOC110440215 (XP_021336961.1)	42%	63%	7e-142
gstp2 (NP_001018349.1)	gstp1 (NP_571809.1)	87%	94%	6e-141
LOC100001259 (XP_021336767.1)	zgc:110204 (NP_001017822.1)	78%	89%	0.0
ogt.2 (XP_001921543.2)	ogt.1 (XP_009306068.1)	94%	96%	0.0
dicp2.1 (NP_001245155.2)	dicp2.2 (NP_001245163.2)	78%	91%	3e-62
si:ch211-159i8.4 (XP_021336819.1)	slitrk4 (XP_021336821.1)	31%	52%	1e-24
LOC110440223 (XP_021336987.1)	LOC101886835 (XP_005157286.2)	33%	55%	1e-46
LOC110440207 (XP_021336823.1)	LOC100330229 (XP_021336822.1)	78%	83%	3e-31
gabra6a (XP_005173169.1)	gabrb2 (NP_001019558.2)	40%	60%	5e-82
matr3l1.1 (XP_009289309.1)	matr3l1.2 (XP_005173180.1)	25%	42%	1e-35
gm2a (XP_005173176.1)	LOC100534777 (XP_003199939.1)	50%	65%	1e-65
gpc4 (NP_571935.2)	gpc3 (NP_001292547.1)	24%	44%	2e-39
slc25a5 (NP_775354.1)	slc25a43 (NP_001004497.2)	26%	51%	9e-36
wnt8a (NP_571021.3)	wnt8-2 (NP_001018637.2)	75%	88%	0.0
zgc:63568 (XP_009289375.1)	zgc:77938 (XP_005157370.1)	87%	94%	0.0
hnrnpa0b (NP_999871.1)	hnrnpa0l (NP_001268650.1)	68%	78%	1e-118
chrnb2l (XP_017214550.1)	chrnb3b (NP_775394.1)	44%	64%	3e-118
zgc:154040 (NP_001070094.2)	zgc:92249 (NP_001002623.1)	69%	81%	3e-84
si:ch211-113d11.5 (XP_002664527.1)	si:ch211-113d11.6 (XP_017214659.1)	50%	67%	8e-58
fgfbp1a (XP_005157409.1)	fgfbp2a (XP_001332722.1)	30%	46%	1e-13
si:zfos-411a11.2 (XP_017206602.1)	cyp2y3 (NP_001018658.1)	84%	91%	0.0
cbln18 (XP_017206606.1)	cbln20 (NP_001313337.1)	35%	54%	2e-33
LOC561230 (XP_021321968.1)	LOC108179274 (XP_017206613.1)	60%	71%	7e-170
LOC101883622 (XP_021322226.1)	zgc:162936 (XP_003200039.3)	42%	55%	2e-153
znf1010 (XP_009289662.1)	si:dkey-77f5.4 (XP_009289663.1)	47%	63%	4e-111
p2ry12 (XP_001921964.1)	p2ry13 (XP_002664563.1)	46%	63%	4e-92
LOC100333734 (XP_005169737.1)	LOC100333863 (XP_005169738.1)	57%	73%	1e-92
her8.2 (XP_005157519.1)	her13 (NP_001017901.1)	33%	52%	3e-30
rab4b (NP_001004002.1)	rhoub (NP_001017784.2)	29%	46%	3e-16
LOC103908802 (XP_021321993.1)	LOC110437944 (XP_021322230.1)	98%	99%	0.0
or130-1 (NP_001103787.1)	si:ch211-24o8.2 (XP_009289844.1)	95%	97%	0.0
dhrs11b (NP_001002143.2)	zgc:92630 (XP_005157476.1)	84%	93%	2e-170
itgae.2 (XP_003200076.2)	itgae.1 (XP_002664631.3)	80%	86%	0.0
btr16 (XP_021322050.1)	si:ch211-247l8.10 (XP_021322234.1)	78%	87%	0.0
zpld1b (XP_021322070.1)	si:ch211-229d2.5 (XP_692327.6)	39%	60%	5e-90
LOC100006895 (XP_001923676.2)	LOC101886227 (XP_021322237.1)	82%	90%	6e-77
LOC101886572 (XP_017206592.2)	LOC567650 (XP_017206660.2)	99%	99%	0.0
si:ch211-198e20.10 (XP_021322108.1)	pimr190 (XP_001919701.2)	99%	99%	0.0
mmp20a (XP_017206678.2)	mmp20b (XP_009290029.1)	41%	56%	2e-108
tbx2b (NP_571126.1)	tbx4 (NP_570989.2)	61%	77%	2e-82
lgals9l6 (XP_001921992.1)	lgals9l5 (NP_001096100.1)	81%	89%	4e-175
LOC103908853 (XP_021322141.1)	LOC100330563 (XP_017206694.1)	52%	67%	1e-100
zgc:55413 (NP_001296460.1)	zgc:77118 (NP_998074.1)	92%	95%	0.0
ctrl (NP_001004582.1)	si:dkey-238d18.3 (XP_001336264.1)	61%	75%	3e-110
lpar5b (NP_001122269.1)	gpr55a (NP_001035080.1)	29%	49%	2e-25
LOC100329885 (XP_017206762.1)	LOC108179355 (XP_017206761.1)	79%	84%	8e-157
LOC108179356 (XP_021322176.1)	LOC100148620 (XP_001921041.4)	75%	82%	2e-149
LOC100002043 (XP_001334629.1)	si:ch1073-340i21.3 (NP_001292504.1)	62%	62%	4e-06
si:ch1073-340i21.1 (XP_021322184.1)	wu:fb18f06 (XP_706608.2)	96%	96%	3e-14
si:ch1073-429i10.3 (XP_002664801.1)	h3f3b.1 (NP_001017599.1)	100%	100%	2e-101
irx4a (NP_991261.1)	irx2a (NP_957351.1)	40%	50%	7e-46
sall3a (XP_005157904.1)	znf407 (XP_005157905.1)	39%	52%	6e-14
popdc3 (NP_001001848.1)	bves (NP_001001847.2)	29%	51%	3e-41
cxcr3.2 (NP_001007315.1)	cxcr3.3 (XP_005173552.1)	29%	47%	2e-29
cd4-1 (NP_001128568.1)	LOC100334281 (XP_021322745.1)	27%	42%	5e-14
cacng8b (XP_001342922.4)	cacng7b (XP_001342879.2)	26%	45%	3e-31
dicp3.3 (NP_001245164.1)	LOC100536667 (XP_021322575.1)	66%	75%	1e-105
s100t (NP_001013513.1)	si:ch211-105c13.3 (NP_001313411.1)	31%	56%	2e-12
tlr19 (XP_009290567.2)	LOC110437753 (XP_002664892.4)	97%	98%	0.0
efna3b (NP_571929.1)	efna1b (NP_957077.2)	53%	66%	3e-51
negaly6 (XP_002664937.1)	LOC110438015 (XP_021322751.1)	31%	50%	5e-32
zgc:66448 (NP_956094.1)	si:ch211-261d7.6 (XP_017206987.1)	23%	37%	8e-21
zgc:92590 (NP_001007055.1)	LOC103908930 (XP_017206910.1)	69%	80%	2e-128
znf576.2 (XP_017206844.1)	wu:fe05a04 (XP_021322590.1)	24%	45%	4e-11
hcst (NP_001093572.2)	tyrobp (XP_009290494.1)	40%	56%	4e-09
prss59.1 (NP_955899.2)	prss59.2 (NP_001268923.1)	97%	99%	0.0
ptpn3 (XP_687930.5)	epb41l4b (XP_005158090.1)	33%	51%	3e-55
zmp:0000001316 (XP_005158094.1)	trim35-29 (NP_001007348.1)	75%	83%	0.0
wu:fd46c06 (NP_001107921.1)	c1r (NP_001025321.1)	70%	81%	2e-66
si:dkey-34d22.5 (XP_009290784.1)	rab42b (NP_001017683.2)	54%	69%	2e-73
LOC103908954 (XP_009290822.1)	LOC110437992 (XP_021322648.1)	98%	99%	7e-115
LOC100535079 (XP_021322455.1)	sc:d156 (XP_009290852.1)	78%	85%	1e-117
LOC100006870 (XP_021322664.1)	LOC103908970 (XP_017206918.1)	35%	55%	3e-106
pycard (NP_571570.2)	caspa (NP_571580.1)	71%	86%	2e-41
zp3d.2 (NP_001156319.1)	zp3d.1 (NP_956132.1)	38%	58%	1e-84
fxyd1 (NP_001243141.1)	si:dkey-33i11.4 (NP_001268947.1)	40%	56%	3e-11
LOC568656 (XP_697091.1)	afp4 (NP_001038953.1)	83%	92%	3e-79
tmem176l.3a (XP_009290936.1)	tmem176l.4 (NP_001264248.1)	47%	62%	1e-39
rab25b (XP_017206847.1)	rab11al (NP_956417.1)	64%	83%	6e-102
LOC567622 (XP_009290982.1)	ago1 (XP_005158529.2)	82%	89%	0.0
LOC110438007 (XP_021322720.1)	LOC101882264 (XP_005169824.1)	34%	44%	5e-12
LOC101882339 (XP_017207074.1)	LOC103910902 (XP_021322732.1)	100%	100%	9e-27
bdkrb1 (NP_898896.2)	bdkrb2 (XP_009291047.1)	43%	60%	1e-92
LOC100537538 (XP_021322946.1)	plcb1 (XP_021323210.1)	34%	53%	3e-83
bmp2a (NP_571434.1)	gdf3 (XP_017207084.1)	30%	49%	5e-44
si:zfos-364h11.1 (XP_017207222.1)	LOC101886779 (XP_021322949.1)	83%	89%	0.0
LOC110437849 (XP_021322963.1)	LOC103909012 (XP_021323217.1)	99%	99%	0.0
klhl10b.1 (XP_021322964.1)	klhl10b.2 (XP_021323218.1)	99%	100%	0.0
si:ch211-236p5.2 (XP_005158670.1)	LOC100002266 (XP_017207247.1)	65%	73%	0.0
zgc:174379 (NP_001107908.2)	sccpdha (NP_001002359.1)	95%	96%	0.0
pla2g4f.1 (XP_021323073.1)	pla2g4f.2 (XP_021323223.1)	61%	78%	0.0
hmx2 (XP_005158750.1)	hmx3a (XP_005158752.1)	63%	77%	6e-53
cuzd1.2 (XP_021323076.1)	LOC101886384 (XP_009291307.2)	85%	90%	0.0
cx34.4 (XP_005158558.1)	cx35.4 (NP_001017685.1)	54%	68%	3e-119
ppie (XP_009291365.3)	pabpc4 (NP_958453.1)	33%	57%	4e-12
crip1 (NP_001153291.1)	crip2 (NP_998662.2)	71%	88%	3e-41
nkx2.9 (XP_021322793.1)	nkx2.1 (NP_571851.1)	60%	70%	4e-40
pimr60 (XP_021323200.1)	pimr62 (XP_021323195.1)	100%	100%	0.0
nkx2.4a (NP_001104636.1)	nkx2.2a (NP_571497.2)	71%	78%	3e-45
zgc:193725 (NP_001122191.1)	npc2 (XP_021322779.1)	93%	95%	6e-104
LOC101882770 (XP_005159015.1)	LOC101882826 (XP_005159016.1)	25%	40%	3e-12
si:ch211-202f3.3 (XP_017207337.2)	si:ch211-202f3.4 (XP_009291546.1)	52%	68%	0.0
kcnk5a (NP_001032478.1)	kcnk17 (XP_005158968.1)	35%	59%	8e-48
LOC110438053 (XP_021323170.1)	wu:fc27b11 (XP_021323169.1)	98%	98%	3e-71
jdp2a (XP_005158991.1)	fosaa (XP_009291581.1)	47%	77%	1e-19
LOC110437792 (XP_005158995.1)	LOC101885363 (XP_021323166.1)	57%	70%	3e-112
si:ch211-173a9.6 (XP_697855.3)	si:ch211-173a9.7 (XP_021323184.1)	63%	79%	0.0
LOC101884319 (XP_021323190.1)	LOC101884250 (XP_005173649.2)	100%	100%	1e-25
zgc:158482 (XP_021323232.1)	slc27a2a (NP_001020470.1)	50%	64%	1e-91
zgc:101723 (NP_001005600.1)	dhdhl (NP_999900.1)	66%	79%	2e-170
LOC100001846 (XP_009291644.1)	LOC100330250 (XP_002663158.1)	95%	97%	3e-126
si:dkey-30c15.12 (XP_021323422.1)	LOC110438082 (XP_021323423.1)	28%	42%	2e-07
arf5 (NP_954969.1)	zgc:77650 (NP_956170.1)	99%	99%	9e-138
tspan33b (XP_005159085.1)	tspan9a (XP_682923.2)	27%	50%	5e-27
plcg2 (NP_001038433.1)	si:ch211-260p9.3 (XP_021323447.1)	58%	70%	0.0
LOC103908610 (XP_009291892.2)	LOC108179987 (XP_021323631.1)	99%	99%	0.0
smad6b (NP_001038516.1)	smad3b (NP_778258.1)	29%	46%	2e-40
cd82b (NP_997828.1)	tspan18b (XP_005159229.1)	32%	53%	2e-27
olfcs2 (NP_001094425.1)	olfcs1 (NP_001038510.1)	83%	91%	0.0
olfcg9 (XP_021323509.1)	olfcg8 (XP_009291957.1)	76%	87%	0.0
si:dkey-145c18.3 (XP_021323615.1)	si:dkey-145c18.2 (XP_009292044.2)	92%	93%	0.0
olfcq19 (XP_009291967.1)	si:ch211-203b20.4 (XP_003200515.2)	80%	87%	0.0
six9 (XP_009292051.1)	six5 (NP_571795.1)	56%	72%	6e-75
ugt5c1 (NP_001170966.1)	ugt5c3 (NP_001122186.1)	83%	92%	0.0
chrnb4 (XP_696993.2)	chrna3 (XP_001921314.1)	47%	66%	6e-167
LOC110438115 (XP_021323617.1)	LOC110438110 (XP_021323609.1)	39%	58%	9e-33
st7 (NP_001035426.1)	LOC110437773 (XP_021323619.1)	92%	96%	2e-158
LOC101886447 (XP_017207875.1)	LOC100536156 (XP_017207876.1)	45%	63%	0.0
btr29 (NP_001159606.1)	LOC100149991 (XP_003200554.1)	76%	82%	0.0
twist1a (NP_571059.1)	ferd3l (XP_021323873.1)	51%	71%	5e-17
si:ch211-133n4.4 (NP_001070844.1)	zgc:158445 (XP_017207887.2)	60%	73%	9e-116
si:dkeyp-113d7.10 (XP_009292272.1)	si:dkeyp-113d7.1 (XP_005159403.1)	48%	60%	2e-12
ft2 (XP_005168265.1)	ft1 (XP_009292274.1)	78%	88%	0.0
psmb8a (NP_571467.3)	psmb10 (NP_571752.1)	27%	49%	3e-20
psmb12 (NP_571751.1)	psmb9a (NP_571466.1)	54%	72%	1e-79
si:dkey-204a24.10 (XP_001344701.4)	si:dkey-204a24.11 (XP_009292340.1)	68%	80%	0.0
si:rp71-15k1.1 (NP_001073414.1)	si:ch73-15n24.1 (NP_001243531.1)	62%	74%	1e-82
LOC103909204 (XP_017207877.2)	LOC110438140 (XP_021323955.1)	99%	99%	3e-142
cacng8a (NP_001313412.1)	cacng7a (XP_005159461.1)	30%	57%	3e-31
slc9a3.1 (XP_005159514.1)	slc9a3.2 (XP_009292331.1)	68%	82%	0.0
apoa4a (XP_021323732.1)	apoea (NP_001018401.1)	26%	46%	7e-26
spaca4l (XP_002665541.1)	lye (XP_706427.1)	31%	48%	1e-14
si:ch73-196l6.5 (XP_683290.3)	slc52a2 (NP_955950.1)	40%	61%	9e-112
eppk1 (NP_001313413.1)	pleca (XP_021323780.1)	37%	57%	0.0
pkhd1l1 (XP_009292516.1)	si:ch211-244a23.1 (NP_001159795.1)	84%	90%	0.0
LOC101882020 (XP_021323823.1)	LOC108180164 (XP_017207903.1)	32%	53%	4e-40
LOC101887104 (XP_017207905.1)	LOC101882070 (XP_017207906.1)	65%	71%	2e-103
zbtb12.1 (XP_005170103.1)	zbtb12.2 (XP_017207733.1)	62%	70%	0.0
fuca1.2 (XP_005159670.1)	fuca1.1 (NP_997905.1)	88%	94%	0.0
poc1bl (NP_001038243.2)	galnt12 (XP_688194.1)	57%	73%	0.0
si:rp71-45k5.2 (NP_001038405.1)	zgc:113424 (NP_001038244.1)	79%	86%	3e-152
zmym4 (XP_005159755.1)	si:ch211-173p18.3 (XP_005159758.1)	53%	64%	0.0
grn1 (NP_001018638.2)	grn2 (NP_997921.1)	85%	93%	2e-97
eef1a1l1 (NP_571338.1)	eef1a1l2 (NP_001035074.1)	94%	97%	0.0
tpmt.1 (NP_001002569.2)	tpmt.2 (XP_005159845.1)	94%	96%	3e-169
gabrr1 (XP_005160376.1)	gabrr2b (XP_697486.2)	68%	78%	0.0
leg1.2 (NP_998368.1)	leg1.1 (NP_001093526.1)	90%	95%	0.0
cyp46a1.1 (XP_009292818.1)	zgc:123299 (NP_001032495.1)	87%	93%	0.0
dsg2.1 (NP_001243566.1)	zmp:0000001074 (XP_021324275.1)	37%	56%	2e-116
serpina1l (NP_001013277.3)	serpina1 (XP_017207927.1)	96%	98%	0.0
six4b (NP_571792.2)	six1b (NP_996978.1)	54%	66%	3e-96
kita (XP_009292910.1)	pdgfra (NP_571534.1)	35%	51%	7e-163
si:dkey-15j16.3 (NP_001077293.2)	si:dkey-15j16.6 (XP_021324299.1)	56%	63%	2e-117
ftr79 (XP_697299.3)	ftr97 (XP_002665768.3)	64%	77%	0.0
cdca4 (XP_005160625.1)	si:dkey-177p2.6 (NP_001068584.1)	42%	56%	4e-15
asb2a.1 (XP_696390.3)	asb2a.2 (XP_005160665.1)	51%	68%	0.0
selp (NP_001230252.1)	sele (XP_017207977.1)	42%	55%	2e-124
zp3a.2 (NP_001025291.1)	zp3a.1 (XP_005160715.1)	87%	93%	0.0
mep1a.1 (NP_001025452.1)	mep1a.2 (NP_001122199.1)	58%	71%	0.0
pimr136 (NP_001038527.1)	LOC108180288 (XP_021324216.1)	93%	95%	0.0
cx43 (NP_571113.1)	cx32.2 (NP_001025381.2)	53%	70%	5e-90
LOC108180340 (XP_021324221.1)	pimr110 (NP_001082859.1)	62%	74%	7e-118
opn8a (NP_001303876.1)	opn8b (XP_021324180.1)	41%	67%	1e-61
tfap2b (XP_005160940.1)	tfap2d (XP_005160944.1)	53%	63%	9e-124
nkx2.2b (NP_001007783.2)	nkx2.4b (NP_571664.1)	47%	63%	3e-43
tlr5b (NP_001124067.2)	tlr5a (XP_001919052.2)	73%	83%	0.0
tsta3 (NP_001008620.1)	zgc:100864 (NP_001003528.1)	83%	93%	0.0
hsp90aa1.2 (NP_001038538.1)	hsp90aa1.1 (NP_571403.1)	88%	95%	0.0
znf971 (NP_001315520.1)	zgc:194215 (XP_021324420.1)	51%	61%	1e-129
st6galnac6 (XP_017208445.1)	st6galnac4 (NP_001038835.1)	43%	64%	6e-72
LOC103909414 (XP_021324646.1)	si:dkey-84o3.2 (XP_021324645.1)	97%	98%	7e-143
nr6a1b (NP_001028892.1)	nr5a1b (NP_997999.1)	49%	69%	1e-32
cel.2 (XP_021324701.1)	cel.1 (NP_955901.1)	87%	93%	0.0
LOC101884909 (XP_021324898.1)	zgc:113162 (XP_021324511.1)	28%	46%	2e-11
LOC100535016 (XP_017208420.1)	glulc (XP_009293524.1)	68%	77%	1e-74
si:dkeyp-87d8.8 (XP_005161277.1)	gcnt4b (XP_021324607.1)	80%	86%	0.0
gzmk (XP_001335076.2)	gzma (XP_021324736.1)	86%	91%	7e-170
vsig10l2 (XP_017208434.2)	pvrl1a (XP_005161187.1)	24%	38%	9e-07
fbxo40.1 (NP_001107129.1)	fbxo40.2 (XP_694708.3)	47%	61%	0.0
htr3b (XP_021324909.1)	htr3a (XP_009293684.1)	54%	76%	3e-125
cldnh (NP_571842.1)	cldnc (NP_571839.1)	62%	83%	5e-105
cldnb (NP_571838.1)	LOC100147871 (XP_005161335.1)	59%	82%	1e-83
LOC103909472 (XP_021324810.1)	LOC101885013 (XP_021324811.1)	85%	86%	0.0
LOC100536928 (XP_017208405.1)	si:dkey-73n10.8 (XP_009293819.1)	88%	89%	0.0
zgc:165573 (NP_001092236.1)	si:ch211-160j14.2 (XP_001332565.2)	65%	67%	8e-34
LOC101885280 (XP_021324902.1)	LOC110438244 (XP_021324904.1)	99%	100%	3e-130
slc47a2 (NP_001073648.1)	mate4 (XP_688576.2)	81%	88%	0.0
serpinf2a (XP_688797.1)	serpinf1 (NP_001004539.1)	27%	48%	5e-42
LOC110438249 (XP_021324927.1)	p4ha2 (XP_009293964.1)	57%	72%	2e-93
slc22a4 (XP_005170389.1)	slc22a21 (NP_001295487.1)	54%	72%	9e-132
ora1 (NP_001124140.1)	LOC110438289 (XP_021325333.1)	99%	100%	0.0
wu:fd14a01 (XP_021325144.1)	LOC100537594 (XP_021325145.1)	98%	99%	0.0
ora3 (XP_009294044.1)	LOC100535282 (XP_009294045.1)	70%	80%	0.0
LOC100538255 (XP_005174592.1)	LOC100150882 (XP_001923157.1)	68%	78%	4e-121
LOC103909535 (XP_009294309.1)	LOC100002141 (XP_017208709.1)	91%	95%	2e-136
LOC103909536 (XP_017208710.1)	zgc:171887 (NP_001107117.2)	71%	82%	5e-121
si:dkey-19a16.12 (XP_009294289.1)	zgc:172133 (NP_001121763.1)	83%	87%	0.0
LOC110437711 (XP_021325219.1)	LOC108181196 (XP_017208929.1)	67%	73%	3e-85
LOC101883331 (XP_005161702.1)	si:ch1073-188e1.1 (XP_021325220.1)	42%	59%	9e-62
LOC100006469 (XP_017208966.1)	LOC100535756 (XP_003201035.4)	62%	74%	7e-104
LOC103909541 (XP_021325231.1)	LOC100536572 (XP_003201040.2)	65%	77%	2e-69
LOC110438268 (XP_021325233.1)	LOC100329351 (XP_002666221.3)	53%	65%	4e-50
LOC100007503 (XP_017208768.1)	LOC103911112 (XP_017208771.1)	49%	65%	7e-56
LOC101885444 (XP_021325118.1)	si:ch73-27e22.2 (XP_021325114.1)	61%	72%	0.0
LOC101886743 (XP_017208720.2)	LOC101886796 (XP_021325332.1)	39%	54%	1e-33
rnh1 (XP_021325358.1)	si:ch211-213a13.9 (XP_017208722.1)	52%	66%	0.0
LOC108181095 (XP_021325359.1)	LOC108181096 (XP_021325360.1)	54%	71%	5e-89
si:ch211-250k18.7 (XP_021325364.1)	si:ch211-11p18.6 (XP_021325102.1)	55%	70%	7e-167
LOC100007966 (XP_021325131.1)	si:dkey-253d23.2 (XP_009294401.1)	43%	59%	2e-88
si:dkey-253d23.9 (NP_001107959.1)	si:dkey-253d23.11 (XP_009294395.1)	73%	79%	0.0
LOC101886501 (XP_017208842.1)	LOC101884023 (XP_009294471.1)	32%	48%	5e-16
si:ch211-222k6.1 (XP_021324960.1)	si:ch211-222k6.2 (XP_005174059.1)	62%	73%	6e-160
LOC100148254 (XP_005174066.1)	LOC101882843 (XP_005174067.1)	36%	57%	4e-29
krt97 (NP_001002383.1)	krt96 (NP_001186881.1)	92%	94%	0.0
ahr1b (NP_001019987.1)	ahr2 (NP_571339.1)	54%	69%	0.0
si:dkeyp-122a9.1 (XP_005161753.1)	si:dkeyp-122a9.2 (XP_003201067.1)	35%	51%	1e-25
gpc5b (NP_001289150.1)	gpc1a (NP_001032450.1)	24%	43%	5e-45
lpl (NP_571202.1)	LOC100331214 (XP_021325258.1)	54%	72%	5e-100
si:dkey-78l4.12 (NP_001076536.1)	LOC558805 (XP_687163.4)	39%	53%	5e-28
eef2a.1 (NP_001038626.2)	eef2a.2 (NP_001038637.1)	93%	96%	0.0
si:dkey-172o19.2 (XP_005170589.1)	nfil3-4 (NP_001183995.1)	73%	88%	4e-23
si:dkey-42p8.3 (XP_005170593.1)	aes (XP_005170500.1)	68%	79%	7e-66
vtg1 (NP_001038362.3)	vtg5 (NP_001020360.2)	94%	97%	0.0
LOC110438303 (XP_021325380.1)	LOC110438304 (XP_021325381.1)	99%	99%	2e-142
LOC100331460 (XP_002667105.2)	si:dkeyp-98a7.1 (NP_001138282.1)	76%	89%	1e-161
pdgfaa (NP_919407.2)	LOC103909601 (XP_009294688.1)	100%	100%	3e-147
c3b.2 (NP_001093490.1)	c3b.1 (XP_021325013.1)	88%	90%	0.0
capn1b (XP_005174088.1)	capn2b (NP_001018177.1)	63%	78%	0.0
capn8 (NP_001231009.1)	zgc:92480 (NP_001003485.1)	62%	79%	0.0
si:dkey-208m12.2 (XP_003201147.2)	wu:fu71h07 (NP_001077321.1)	33%	51%	3e-25
si:dkey-169i5.4 (XP_009294721.1)	LOC101886973 (XP_009294735.1)	53%	70%	9e-58
LOC108181106 (XP_021325140.1)	LOC108181107 (XP_021325141.1)	96%	96%	2e-132
si:ch1073-214b20.2 (XP_005161899.1)	si:ch73-304f21.1 (XP_009294773.1)	31%	47%	2e-18
si:ch211-276k2.1 (NP_001122192.1)	si:ch211-276k2.2 (XP_693604.5)	63%	81%	1e-81
LOC100001620 (XP_001922589.1)	acy1 (XP_009294786.1)	95%	97%	0.0
ahsg1 (NP_997787.1)	fetub (XP_001922687.3)	27%	47%	3e-29
alpi.1 (XP_009294806.1)	alpi.2 (NP_001020359.1)	63%	78%	0.0
LOC100329486 (XP_002665359.4)	LOC101886366 (XP_021325752.1)	25%	44%	3e-31
LOC100002469 (XP_001336870.2)	snai1b (XP_021325526.1)	35%	50%	1e-23
kcna2b (XP_009294892.1)	LOC100330283 (XP_005174156.1)	78%	86%	0.0
mipb (NP_001018356.1)	LOC101885864 (XP_005174182.1)	35%	52%	1e-45
krt5 (XP_017209104.1)	krt8 (NP_956374.1)	72%	77%	0.0
krt18 (NP_848524.1)	si:ch211-133j6.3 (XP_692118.7)	52%	71%	6e-135
LOC570014 (XP_698534.3)	si:ch211-224l10.4 (XP_698560.1)	79%	88%	0.0
fbxo44 (NP_001008577.2)	zgc:153722 (NP_001070044.1)	74%	81%	4e-161
dnmt3bb.3 (NP_001018315.1)	dnmt3bb.2 (NP_571461.1)	75%	84%	0.0
zgc:194282 (NP_001129722.2)	ptk6b (NP_001070140.1)	42%	58%	9e-133
pm20d1.2 (XP_021325524.1)	pm20d1.1 (NP_001032448.1)	76%	87%	0.0
klhdc8b (XP_021325604.1)	LOC110438320 (XP_021325605.1)	30%	46%	1e-12
bgnb (NP_001001825.2)	si:dkey-32e6.6 (XP_690189.3)	31%	48%	1e-33
lamb2 (XP_005162102.1)	lamb2l (XP_005162178.1)	46%	61%	0.0
si:rp71-17i16.4 (XP_001339131.1)	tnnc2 (NP_571638.1)	80%	92%	7e-80
her12 (NP_991182.1)	LOC100149863 (NP_001096598.1)	39%	56%	3e-29
LOC100148329 (NP_001154881.1)	her4.3 (NP_001154880.1)	99%	99%	2e-115
her4.4 (NP_001121862.1)	her4.2 (NP_571165.3)	98%	98%	2e-114
si:dkey-151g10.3 (XP_021325641.1)	erbb3b (XP_021325477.1)	30%	47%	1e-13
rca2.1 (NP_001013512.2)	rca2.2 (XP_693912.2)	70%	77%	0.0
LOC110438336 (XP_021325761.1)	LOC110438322 (XP_021325665.1)	33%	49%	4e-30
acvr1ba (XP_005162281.1)	acvrl1 (XP_021325398.1)	48%	62%	2e-148
LOC556451 (XP_005162381.1)	LOC556532 (XP_684448.3)	41%	59%	1e-63
tuba1a (NP_001177911.1)	tuba1b (NP_919369.2)	98%	99%	0.0
hoxc5a (XP_021325401.1)	hoxc4a (XP_021325400.1)	25%	41%	3e-06
zfp64 (XP_002666563.1)	sall4 (NP_001074078.1)	33%	49%	2e-16
cyp2ae1 (XP_009295394.1)	LOC103909721 (XP_009295398.2)	74%	88%	0.0
si:ch73-160p18.3 (XP_021325765.1)	LOC108179134 (XP_017209209.1)	66%	73%	2e-168
st8sia7.1 (XP_685638.4)	st8sia7.1p (XP_017209144.1)	74%	87%	0.0
btr32 (XP_021325749.1)	btr31 (XP_005170663.1)	76%	84%	4e-98
ccr12b.1 (XP_021325909.1)	ccr12b.2 (XP_002666623.1)	76%	86%	0.0
LOC558353 (XP_686649.5)	f13a1a.1 (XP_009295495.1)	63%	78%	0.0
si:dkey-105h11.2 (XP_017209468.2)	si:ch211-157j23.2 (XP_021325936.1)	89%	92%	0.0
LOC108181540 (XP_017209471.1)	si:ch211-157j23.5 (XP_021325905.1)	89%	95%	2e-117
LOC108181524 (XP_021325938.1)	zgc:174877 (XP_021325886.1)	50%	64%	9e-23
LOC101885775 (XP_021325908.1)	si:dkeyp-28d2.4 (XP_001920051.2)	55%	64%	1e-35
pi15a (NP_001153449.1)	crispld1a (XP_001920421.2)	61%	75%	1e-104
zgc:112332 (NP_001018519.1)	si:dkey-73n8.3 (NP_001186991.1)	59%	73%	2e-132
cst14a.1 (NP_001303248.1)	cst14a.2 (NP_001096599.1)	97%	99%	2e-74
LOC100331291 (XP_009295692.1)	tmprss7 (XP_002666699.2)	33%	48%	7e-124
acot9.2 (NP_001032476.1)	acot9.1 (XP_005162768.1)	85%	91%	0.0
hhla2b.2 (XP_009295722.1)	hhla2b.1 (XP_017209449.1)	26%	45%	4e-23
LOC110438338 (XP_021325911.1)	LOC101884197 (XP_021326009.1)	51%	59%	4e-40
LOC797436 (XP_001335382.2)	nceh1b.1 (NP_001071229.1)	72%	83%	0.0
cxcl32b.1 (NP_001108533.1)	ccl32b.3 (XP_005162867.1)	29%	47%	9e-15
aglb (XP_021326034.1)	LOC101886684 (XP_021326036.1)	99%	100%	0.0
cngb3.1 (XP_021326040.1)	LOC562466 (XP_009295832.2)	75%	84%	0.0
LOC100330501 (XP_009295844.2)	LOC100537023 (XP_003201377.3)	100%	100%	1e-61
zgc:195173 (NP_001122247.1)	si:ch1073-406l10.2 (XP_003201376.1)	52%	74%	8e-66
LOC570021 (XP_706537.4)	zgc:154125 (XP_005170695.1)	83%	90%	0.0
LOC103908684 (XP_021326082.1)	mss51 (XP_003201406.1)	73%	83%	0.0
LOC101882154 (XP_005174256.1)	LOC101882206 (XP_005174257.1)	31%	52%	8e-37
LOC110438342 (XP_021325920.1)	l3mbtl4 (XP_021325921.1)	32%	48%	3e-07
srpk2 (XP_005170706.2)	LOC110438375 (XP_021326237.1)	99%	100%	7e-118
zgc:194202 (NP_001122286.1)	LOC100005512 (XP_001344545.2)	89%	94%	0.0
LOC103909804 (XP_009295995.1)	LOC103909805 (XP_021326264.1)	94%	96%	0.0
parvb (XP_009296007.1)	parvg (NP_001083007.1)	38%	62%	3e-66
LOC108181583 (XP_021326301.1)	LOC110438409 (XP_021326450.1)	30%	44%	3e-28
anpepb (NP_001082794.1)	LOC100004744 (XP_001920418.2)	63%	77%	0.0
mespab (NP_001252512.1)	mespbb (NP_001252536.1)	56%	68%	4e-37
ccl33.3 (NP_001166147.1)	ccl33.2 (XP_021326098.1)	76%	84%	7e-27
LOC101884623 (XP_009296138.1)	ccl39.6 (XP_021326439.1)	54%	67%	5e-33
LOC100538242 (XP_003201462.1)	ccl39.3 (NP_001108575.1)	67%	75%	2e-32
LOC101883900 (XP_005163144.2)	LOC108179145 (XP_017209730.1)	100%	100%	0.0
pla2g15 (XP_003201435.2)	lcat (NP_001311336.1)	49%	68%	4e-151
cpa4 (NP_001002217.1)	cpa2 (NP_001003446.2)	71%	83%	0.0
galnt8a.2 (XP_021326339.1)	galnt8a.1 (XP_021326338.1)	84%	91%	0.0
cpa1 (NP_001018318.1)	cpa5 (NP_954965.1)	82%	89%	0.0
cav2 (NP_001002150.1)	cav1 (NP_997816.1)	37%	61%	7e-37
si:dkeyp-93a5.2 (XP_021326346.1)	si:dkeyp-93a5.3 (XP_021326347.1)	51%	69%	2e-38
tdg.2 (XP_687336.3)	tdg.1 (XP_005163071.1)	60%	74%	5e-146
zgc:171459 (NP_001104635.1)	zgc:113426 (NP_001020690.2)	38%	58%	9e-57
kcna6a (XP_005163081.1)	kcna1a (XP_005163101.1)	70%	82%	0.0
cyp11a2 (XP_691817.1)	cyp11a1 (NP_694485.2)	80%	91%	0.0
ptprjb.1 (XP_017209718.2)	LOC110438371 (XP_021326225.1)	44%	60%	8e-33
si:ch73-182e20.4 (XP_009296334.2)	LOC100535114 (XP_009296342.3)	78%	85%	4e-172
si:ch211-91p5.3 (XP_694444.6)	zgc:153935 (NP_001071187.1)	54%	74%	7e-68
lamb1a (NP_775382.1)	lamb4 (NP_775383.1)	32%	53%	0.0
zgc:101540 (NP_001008639.1)	slc27a2b (XP_001336957.1)	58%	75%	0.0
anxa2a (NP_861426.1)	LOC100006250 (XP_001339072.3)	45%	68%	6e-30
